Hoenn #,Implemented,Name,Type 1,Type 2,Fossil,Aquire Method 1,,Aquire Method 2,,HP,Attack,Defense,SpAttack,SpDefense,Speed,Total,Ability 1,Ability 2,Hidden Ability,Attack Changes,,,,,,,,,,,,
1,FALSE,Treecko,Grass,,Wood Gecko,Starter,,Gift,Post-game,40,45,35,65,55,70,310,Overgrow,Unburden,Petal Skating,,,,,,,,,,,,,
2,FALSE,Grovyle,Grass,,,Evolve,,,,50,65,45,85,65,95,405,Overgrow,Unburden,Petal Skating,,,,,,,,,,,,,
3,FALSE,Sceptile,Grass,Psychic,,Evolve,,,,70,85,65,105,85,120,530,Overgrow,Unburden,Petal Skating,,,,,,,,,,,,,
4,FALSE,Litten,Fire,,Fire Cat,Starter,,,,45,65,40,60,40,70,320,Blaze,Intimidate,Iron Fist,,,,,,,,,,,,,
5,FALSE,Torracat,Fire,,,Evolve,,,,65,85,50,80,50,90,420,Blaze,Intimidate,Iron Fist,,,,,,,,,,,,,
6,FALSE,Incineroar,Fire,Fighting,,Evolve,,,,95,115,90,80,90,60,530,Blaze,Intimidate,Iron Fist,,,,,,,,,,,,,
7,FALSE,Totodile,Water,,Big Jaw,Starter,,,,50,65,64,44,48,43,314,Torrent,Sheer Force,Strong Jaw,,,,,,,,,,,,,
8,FALSE,Croconaw,Water,,,Evolve,,,,65,80,80,59,63,58,405,Torrent,Sheer Force,Strong Jaw,,,,,,,,,,,,,
9,FALSE,Feraligatr,Water,Dark,,Evolve,,,,85,105,100,79,83,78,530,Torrent,Sheer Force,Strong Jaw,,,,,,,,,,,,,
10,FALSE,Ledyba,Bug,Flying,Ladybug,Catch,,,,40,20,30,40,80,55,265,Swarm,Early Bird,Rattled,,,,,,,,,,,,,
11,FALSE,Ledian,Bug,Flying,,Evolve,Level 18 Ledyba,,,55,35,50,55,110,85,390,Protector,Friend Guard,Pinch Hitter,Evo: Chitin Fist,Struggle Bug ->Skitter Smack,Levelup: Bounce,,,,,,,,,,
12,FALSE,Ledian (Ace),Bug,Flying,,Ability,Pinch Hitter,,,55,175,50,55,110,170,615,Iron Fist,,,,,,,,,,,,,,,
13,FALSE,Cutiefly,Bug,Fairy,Bee Fly,Catch,,,,40,45,40,55,40,84,304,Honey Gather,Shield Dust,Sweet Veil,,,,,,,,,,,,,
14,FALSE,Ribombee,Bug,Fairy,,Evolve,,,,60,55,60,95,70,124,464,Honey Gather,Shield Dust,Marvel Scale,,,,,,,,,,,,,
15,FALSE,Volbeat,Bug,,Firefly,Catch,,,,75,73,75,47,95,85,450,Illuminate,Swarm,Prankster,,,,,,,,,,,,,
16,FALSE,Illumise,Bug,,Firefly,Catch,,,,75,47,75,73,95,85,450,Oblivious,Tinted Lens,Prankster,,,,,,,,,,,,,
17,FALSE,Scyther,Bug,Flying,Mantis,Catch,,,,70,110,80,55,80,105,500,Sharpness,Technician,Inner Focus,,,,,,,,,,,,,
18,FALSE,Scizor,Bug,Steel,,Evolve,,,,70,130,100,55,80,65,500,Hyper Cutter,Technician,Light Metal,,,,,,,,,,,,,
19,FALSE,Kleavor,Bug,Rock,,Evolve,,,,70,135,95,45,70,85,500,Sharpness,Sheer Force,Rock Head,,,,,,,,,,,,,
20,FALSE,Tarountula,Bug,,String Ball,Catch,,,,35,41,45,29,40,40,230,Insomnia,Stakeout,Rivalry,,,,,,,,,,,,,
21,FALSE,Spidops,Bug,Dark,,Evolve,,Catch,,95,89,92,32,86,81,475,Night Operative,Stakeout,Rivalry,,,,,,,,,,,,,
22,FALSE,Nymble,Bug,,Grasshopper,Catch,,,,33,46,40,21,25,45,210,Swarm,,Tinted Lens,,,,,,,,,,,,,
23,FALSE,Lokix,Bug,Dark,,Evolve,,Catch,,71,102,78,52,55,92,450,Swarm,,Tinted Lens,,,,,,,,,,,,,
24,FALSE,Burmy,Bug,,Bagworm,Catch,,,,40,29,45,29,45,36,224,Shed Skin,Swarm,Overcoat,,,,,,,,,,,,,
25,FALSE,Mothim,Bug,Flying,,Evolve,,,,70,94,50,94,50,77,435,Compound Eyes,Tinted Lens,Honey Gather,,,,,,,,,,,,,
26,FALSE,Wormadam (P),Bug,Grass,,Evolve,,,,71,59,85,79,105,36,435,Anticipation,Overcoat,Cocooned,,,,,,,,,,,,,
27,FALSE,Wormadam (S),Bug,Ground,,Evolve,,,,71,79,105,59,85,36,435,Anticipation,Overcoat,Cocooned,,,,,,,,,,,,,
28,FALSE,Wormadam (T),Bug,Steel,,Evolve,,,,71,69,95,69,95,36,435,Anticipation,Overcoat,Cocooned,,,,,,,,,,,,,
29,FALSE,Combee,Bug,Flying,Tiny Bee,Catch,,,,30,30,42,30,42,70,244,Honey Gather,Hustle,Silly Rascal,,,,,,,,,,,,,
30,FALSE,Vespiqueen,Bug,Flying,,Evolve,Level 21 Female Combee,,,70,80,102,80,102,40,474,Pressure,Unnerve,Queenly Majesty,,,,,,,,,,,,,
31,FALSE,Walovbees,Bug,,,Evolve,Level 21 Male Combee after Double Battle with Vespiquen ally,,,180,30,42,30,42,40,364,Queen's Orders,,,Learnable: Trick Room,,,,,,,,,,,,
32,FALSE,Blipbug,Bug,,Larva,Evolve,,,,25,20,20,25,45,45,180,Swarm,Compound Eyes,Telepathy,,,,,,,,,,,,,
33,FALSE,Dottler,Bug,Psychic,,Evolve,,Catch,,50,35,80,50,90,30,335,Swarm,Compound Eyes,Telepathy,,,,,,,,,,,,,
34,FALSE,Orbeetle,Bug,Psychic,,Evolve,,,,70,20,110,105,110,90,505,Telepathy,Frisk,Toggle Mode,,,,,,,,,,,,,
35,FALSE,Joltik,Bug,Electric,Attached,Catch,,,,50,47,50,57,50,65,319,Compound Eyes,Unnerve,Swarm,,,,,,,,,,,,,
36,FALSE,Galvantula,Bug,Electric,,Evolve,,,,70,77,60,97,60,107,471,Compound Eyes,Unnerve,Swarm,,,,,,,,,,,,,
37,FALSE,Paras,Bug,Grass,Bug Shroom,Catch,,,,35,70,55,45,55,25,285,Effect Spore,Dry Skin,Effect Spore,,,,,,,,,,,,,
38,FALSE,Parasect,Bug,Grass,,Evolve,,Catch,,60,95,80,60,80,30,405,Effect Spore,Dry Skin,Damp,,,,,,,,,,,,,
39,FALSE,Sizzlipede,Fire,Bug,Radiator,Catch,,,,50,65,45,50,50,45,305,Flash Fire,White Smoke,Flame Body,,,,,,,,,,,,,
40,FALSE,Centiskorch,Fire,Bug,,Evolve,,,,100,115,65,90,90,65,525,Flash Fire,White Smoke,Flame Body,,,,,,,,,,,,,
41,FALSE,Weedle,Bug,Poison,Hairy Bug,Catch,,,,40,35,30,20,20,50,195,Shield Dust,,Run Away,,,,,,,,,,,,,
42,FALSE,Kakuna,Bug,Poison,,Evolve,,Catch,,45,25,50,25,25,35,205,Shed Skin,,,,,,,,,,,,,,,
43,FALSE,Beedrill,Bug,Poison,,Evolve,,,,65,110,60,30,60,110,435,Technician,Massive Stinger,Rivalry,,,,,,,,,,,,,
44,FALSE,Teddiursa,Normal,,,Catch,,,,60,80,50,50,50,40,330,Pickup,Quick Feet,Honey Gather,,,,,,,,,,,,,
45,FALSE,Ursaring,Normal,,,Evolve,,Catch,,90,130,75,75,75,55,500,Guts,Quick Feet,Unnerve,,,,,,,,,,,,,
46,FALSE,Ursaluna,Normal,Ground,,Evolve,,,,130,140,105,45,80,50,550,Guts,Bulletproof,Unnerve,,,,,,,,,,,,,
47,FALSE,Farfech'd,Normal,Flying,Wild Duck,Catch,,,,72,75,66,48,72,60,393,Inner Focus,Scrappy,Critical Parry,,,,,,,,,,,,,
48,FALSE,Zigzagoon,Normal,,Tiny Raccoon,Catch,,,,38,30,41,30,41,60,240,Pickup,Gluttony,Quick Feet,,,,,,,,,,,,,
49,FALSE,Linoone,Normal,,,Evolve,,Catch,,78,70,61,50,61,100,420,Pickup,Gluttony,Quick Feet,,,,,,,,,,,,,
50,FALSE,Sentret,Normal,,Scout Tail,Catch,,,,35,46,34,35,45,20,215,Run Away,Run Away,Run Away,,,,,,,,,,,,,
51,FALSE,Furret,Normal,,,Evolve,,Catch,,95,76,74,45,62,102,454,Run Away,Keen Eye,Frisk,Levelup(21): After You,,,,,,,,,,,,
52,FALSE,Patrat,Normal,,Lookout Rat,Catch,,,,45,55,39,35,39,42,255,Illuminate,Keen Eye,Analytic,,,,,,,,,,,,,
53,FALSE,Watchog,Normal,,,Evolve,,Catch,,60,85,69,60,69,77,420,Illuminate,Keen Eye,Analytic,,,,,,,,,,,,,
54,FALSE,Yugoos,Normal,,Loiter Weasel,Catch,,,,48,70,30,30,30,45,253,Stakeout,Strong Jaw,Stakeout,,,,,,,,,,,,,
55,FALSE,Gumshoos,Normal,,,Evolve,,,,108,110,75,55,75,45,468,Stakeout,Night Operative,Strong Jaw,,,,,,,,,,,,,
56,FALSE,Meowth,Normal,,Scratch Cat,Catch,,,,40,45,35,40,40,90,290,Pickup,Technician,Unnerve,,,,,,,,,,,,,
57,FALSE,Persian,Normal,,,Evolve,,Catch,,65,70,60,65,65,115,440,Limber,Technician,Unnerve,,,,,,,,,,,,,
58,FALSE,Tandemaus,Normal,,Coupled,Catch,,,,50,50,45,40,45,75,305,Run Away,Pickup,Own Tempo,,,,,,,,,,,,,
59,FALSE,Maushold,Normal,,,Evolve,,,,74,75,70,65,75,111,470,Friend Guard,Cheek Pouch,Technician,,,,,,,,,,,,,
60,FALSE,Whismur,Normal,,Whispering,Catch,,,,64,51,23,51,23,28,240,Scrappy,,Rattled,,,,,,,,,,,,,
61,FALSE,Loudred,Normal,,,Evolve,,Catch,,84,71,43,71,43,28,340,Soundproof,Scrappy,Soundproof,,,,,,,,,,,,,
62,FALSE,Exploud,Normal,,,Evolve,,,,114,76,93,101,63,33,480,Soundproof,Scrappy,Amplifier,Learnable: Trick Room,,,,,,,,,,,,
63,FALSE,Spinda,Normal,,Spot Panda,Catch,,,,85,95,75,10,65,30,360,Own Tempo,Tangled Feet,Dizzying Step,,,,,,,,,,,,,
64,FALSE,Zangoose,Normal,Dark,Cat Ferret,Catch,,,,73,115,60,65,70,95,478,Tough Claws,Toxic Boost,Rivalry,,,,,,,,,,,,,
65,FALSE,Seviper,Poison,,Fang Snake,Catch,,,,73,100,90,70,80,65,478,Sharpness,Infiltrator,Rivalry,,,,,,,,,,,,,
66,FALSE,Zubat,Poison,Flying,Bat Fang,Catch,,,,40,45,35,30,40,55,245,Inner Focus,,Infiltrator,,,,,,,,,,,,,
67,FALSE,Crobat,Poison,Flying,,Evolve,,Catch,,75,80,70,65,75,90,455,Inner Focus,,Infiltrator,,,,,,,,,,,,,
68,FALSE,Golbat,Poison,Flying,,Evolve,,,,85,90,80,70,80,130,535,Inner Focus,,Infiltrator,,,,,,,,,,,,,
69,FALSE,Nidoran (M),Poison,,Poison Pin,Catch,,,,46,57,40,40,40,50,273,Poison Point,Rivalry,Hustle,,,,,,,,,,,,,
70,FALSE,Nidoran (F),Poison,,Poison Pin,Catch,,,,55,47,52,40,40,41,275,Poison Point,Rivalry,Hustle,,,,,,,,,,,,,
71,FALSE,Nidorina,Poison,,,Evolve,,Catch,,70,62,67,55,55,56,365,Poison Point,Rivalry,Hustle,,,,,,,,,,,,,
72,FALSE,Nidoqueen,Poison,Ground,,Evolve,,,,90,92,87,75,85,76,505,Poison Point,Rivalry,Sheer Force,,,,,,,,,,,,,
73,FALSE,Nidorino,Poison,,,Evolve,,Catch,,61,72,57,55,55,65,365,Poison Point,Rivalry,Hustle,,,,,,,,,,,,,
74,FALSE,Nidoking,Poison,Ground,,Evolve,,,,81,102,77,85,75,85,505,Poison Point,Rivalry,Sheer Force,,,,,,,,,,,,,
75,FALSE,Gulpin,Poison,,Stomach,Catch,,,,70,43,53,43,53,40,302,Liquid Ooze,Sticky Hold,Gluttony,,,,,,,,,,,,,
76,FALSE,Swalot,Poison,,,Evolve,,Catch,,115,73,83,73,83,40,467,Liquid Ooze,Sticky Hold,Gluttony,,,,,,,,,,,,,
77,FALSE,Salandit,Poison,Fire,Toxic Lizard,Catch,,,,48,44,40,71,40,77,320,Corrosion,,Oblivious,,,,,,,,,,,,,
78,FALSE,Salazzle,Poison,Fire,,Evolve,,,,68,64,60,111,60,117,480,Corrosion,,Oblivious,,,,,,,,,,,,,
79,FALSE,Skorupi,Poison,Bug,Scorpion,Catch,,,,40,50,90,30,55,65,330,Battle Armor,Sniper,Keen Eye,,,,,,,,,,,,,
80,FALSE,Drapion,Poison,Dark,,Evolve,,Catch,,70,90,110,60,75,95,500,Battle Armor,Sniper,Keen Eye,,,,,,,,,,,,,
81,FALSE,Croagunk,Poison,Fighting,Toxic Mouth,Catch,,,,48,61,40,61,40,50,300,Anticipation,Dry Skin,Poison Touch,,,,,,,,,,,,,
82,FALSE,Toxicroak,Poison,Fighting,,Evolve,,,,83,106,65,86,65,85,490,Anticipation,Dry Skin,Poison Touch,,,,,,,,,,,,,
83,FALSE,Mankey,Fighting,,Pig Monkey,Catch,,,,40,80,35,35,45,70,305,Vital Spirit,Anger Point,Defiant,,,,,,,,,,,,,
84,FALSE,Primeape,Fighting,,,Evolve,,Catch,,65,104,60,60,70,96,455,Vital Spirit,Defiant,Monkey King,,,,,,,,,,,,,
85,FALSE,Annihilape,Fighting,Ghost,,Evolve,,,,110,115,70,50,80,90,515,Vital Spirit,Defiant,Monkey King,,,,,,,,,,,,,
86,FALSE,Makuhita,Fighting,,Thrusting Arm,Catch,,,,72,60,30,20,30,35,247,Thick Fat,Guts,Sheer Force,,,,,,,,,,,,,
87,FALSE,Hariyama,Fighting,,,Evolve,,Catch,,144,120,60,40,60,50,474,Thick Fat,Guts,Sheer Force,,,,,,,,,,,,,
88,FALSE,Falink,Fighting,,Lone Warrior,Catch,,,,20,100,100,70,50,75,415,Battle Armor,,Defiant,,,,,,,,,,,,,
89,FALSE,Falinks,Fighting,Rock,,Evolve,,Catch,,65,120,120,60,60,90,515,Battle Armor,,Defiant,,,,,,,,,,,,,
90,FALSE,Riolu,Fighting,,Emanating,Catch,,,,40,70,40,35,40,60,285,Effect Spore,Inner Focus,Prankster,,,,,,,,,,,,,
91,FALSE,Lucario,Fighting,Steel,,Evolve,,,,70,110,70,115,70,90,525,Steadfast,Steadfast,Justified,,,,,,,,,,,,,
92,FALSE,Pancham,Fighting,,Smirking Panda,Catch,,,,67,82,62,46,48,43,348,Iron Fist,Mold Breaker,Scrappy,,,,,,,,,,,,,
93,FALSE,Pangoro,Fighting,Dark,,Evolve,,Catch,,95,124,78,69,71,58,495,Iron Fist,Mold Breaker,Scrappy,,,,,,,,,,,,,
94,FALSE,Shroomish,Grass,,Mushroom,Catch,,,,60,40,60,40,60,35,295,Effect Spore,Poison Heal,Quick Feet,,,,,,,,,,,,,
95,FALSE,Breloom,Grass,Fighting,,Evolve,,,,60,130,80,60,60,70,460,Effect Spore,Poison Heal,Technician,,,,,,,,,,,,,
96,FALSE,Sunkern,Grass,,Seed,Catch,,,,30,30,30,30,30,30,180,Chlorophyll,Solar Power,Early Bird,,,,,,,,,,,,,
97,FALSE,Sunflora,Grass,,,Evolve,,Catch,,95,65,55,105,85,30,435,Chlorophyll,Solar Power,Flower Power,Evo: Sunburst,Evo: Sunflare,Levelup(34): Flamethrower,,,,,,,,,,
98,FALSE,Hoppip,Grass,Flying,Cottonweed,Catch,,,,35,35,40,35,55,50,250,Chlorophyll,Leaf Guard,Infiltrator,,,,,,,,,,,,,
99,FALSE,Skiploom,Grass,Flying,,Evolve,,Catch,,55,45,50,45,65,80,340,Chlorophyll,Leaf Guard,Infiltrator,,,,,,,,,,,,,
100,FALSE,Jumpluff,Grass,Flying,,Evolve,,,,75,55,70,55,85,110,450,Chlorophyll,Leaf Guard,Infiltrator,,,,,,,,,,,,,
101,FALSE,Bounsweet,Grass,,Rubber Fruit,Catch,,,,42,30,38,30,38,32,210,Leaf Guard,Oblivious,Sweet Veil,,,,,,,,,,,,,
102,FALSE,Steenee,Grass,,,Evolve,,Catch,,52,40,48,40,48,62,290,Leaf Guard,Oblivious,Sweet Veil,,,,,,,,,,,,,
103,FALSE,Tsareena,Grass,,,Evolve,,,,72,120,98,50,98,72,510,Leaf Guard,Queenly Majesty,Sweet Veil,,,,,,,,,,,,,
104,FALSE,Morelull,Grass,Fairy,Glowing Spore,Catch,,,,40,35,55,65,75,15,285,Illuminate,Effect Spore,Rain Dish,,,,,,,,,,,,,
105,FALSE,Shiinotic,Grass,Fairy,,Evolve,,,,60,45,80,90,100,30,405,Illuminate,Effect Spore,Rain Dish,,,,,,,,,,,,,
106,FALSE,Capsakid,Grass,,Spicy Pepper,Catch,,,,50,62,40,62,40,50,304,Chlorophyll,Insomnia,Klutz,,,,,,,,,,,,,
107,FALSE,Scovillain,Grass,Fire,,Evolve,,Catch,,65,108,65,108,65,75,486,Chlorophyll,Insomnia,Moody,,,,,,,,,,,,,
108,FALSE,Poltchageist,Grass,Ghost,Matcha,Catch,,,,40,45,45,74,54,50,308,Hospitality,,Heatproof,,,,,,,,,,,,,
109,FALSE,Sinistcha,Grass,Ghost,,Evolve,,,,71,60,106,121,80,70,508,Hospitality,,Heatproof,,,,,,,,,,,,,
110,FALSE,Smoliv,Grass,Normal,Olive,Catch,,,,41,35,45,58,51,30,260,Early Bird,,Harvest,,,,,,,,,,,,,
111,FALSE,Dolliv,Grass,Normal,,Evolve,,Catch,,52,53,60,78,78,33,354,Early Bird,,Harvest,,,,,,,,,,,,,
112,FALSE,Arboliva,Grass,Normal,,Evolve,,,,78,69,90,125,109,36,507,Seed Sower,,Harvest,,,,,,,,,,,,,
113,FALSE,Cacnea,Grass,,Cactus,Catch,,,,50,85,40,85,40,35,335,Sand Veil,,Water Absorb,,,,,,,,,,,,,
114,FALSE,Cacturne,Grass,Dark,,Evolve,,,,70,115,60,115,60,55,475,Sand Veil,,Water Absorb,,,,,,,,,,,,,
115,FALSE,Poochyena,Dark,,Strong Bite,Catch,,,,35,55,35,30,30,35,220,Run Away,Quick Feet,Rattled,,,,,,,,,,,,,
116,FALSE,Mightyena,Dark,,,Evolve,,,,70,107,67,40,74,87,445,Intimidate,Strong Jaw,Moxie,Levelup: Jaw Lock,,,,,,,,,,,,
117,FALSE,Bonsly,Rock,,Bonsai,Catch,,,,42,40,92,12,52,18,256,Sturdy,Rock Head,Rattled,,,,,,,,,,,,,
118,FALSE,Sudowoodo,Rock,,,Evolve,,Catch,,80,100,115,30,70,30,425,Sturdy,Rock Head,Solid Rock,,,,,,,,,,,,,
119,FALSE,Kabuto,Rock,Water,Shellfish,Catch,,,,60,115,105,65,70,80,495,Swift Swim,Battle Armor,Weak Armor,,,,,,,,,,,,,
120,FALSE,Kabutops,Rock,Water,,Evolve,,,,60,115,105,65,70,80,495,Swift Swim,Battle Armor,Weak Armor,,,,,,,,,,,,,
121,FALSE,Omanyte,Rock,Water,Spiral,Catch,,,,35,40,100,90,55,35,355,Swift Swim,Shell Armor,Weak Armor,,,,,,,,,,,,,
122,FALSE,Omastar,Rock,Water,,Evolve,,,,70,60,125,115,70,55,495,Swift Swim,Shell Armor,Weak Armor,,,,,,,,,,,,,
123,FALSE,Aerodactyl,Rock,Flying,Amber,Evolve,,,,80,105,65,60,75,130,515,Rock Head,Pressure,Unnerve,,,,,,,,,,,,,
124,FALSE,Lileep,Rock,Grass,Sea Lily,Catch,,,,66,41,77,61,87,23,355,Suction Cups,,Storm Drain,,,,,,,,,,,,,
125,FALSE,Cradily,Rock,Grass,,Evolve,,,,86,81,97,81,107,43,495,Suction Cups,,Storm Drain,,,,,,,,,,,,,
126,FALSE,Anorith,Rock,Bug,Old Shrimp,Catch,,,,45,95,50,40,50,75,355,Battle Armor,Swift Swim,Swift Swim,,,,,,,,,,,,,
127,FALSE,Armaldo,Rock,Bug,,Evolve,,,,75,125,100,70,80,45,495,Battle Armor,Swift Swim,Swift Swim,,,,,,,,,,,,,
128,FALSE,Cranidos,Rock,,Hard Head,Catch,,,,67,125,40,30,30,58,350,Mold Breaker,Sheer Force,Sheer Force,,,,,,,,,,,,,
129,FALSE,Rampardos,Rock,,,Evolve,,,,97,165,60,65,50,58,495,Mold breaker,Rock Head,Sheer Force,,,,,,,,,,,,,
130,FALSE,Shieldon,Rock,Steel,Shield,Catch,,,,30,42,118,42,88,30,350,Sturdy,,Soundproof,,,,,,,,,,,,,
131,FALSE,Bastiodon,Rock,Steel,,Evolve,,,,60,52,168,47,138,30,495,Sturdy,,Soundproof,,,,,,,,,,,,,
132,FALSE,Tirtouga,Water,Rock,Prototurtle,Catch,,,,54,78,103,53,45,22,355,Solid Rock,Sturdy,Swift Swim,,,,,,,,,,,,,
133,FALSE,Carracosta,Water,Rock,,Evolve,,,,74,108,133,83,65,32,495,Solid Rock,Sturdy,Swift Swim,,,,,,,,,,,,,
134,FALSE,Archen,Rock,Flying,First Bird,Catch,,,,55,112,45,74,45,70,401,Defeatist,,Truant,,,,,,,,,,,,,
135,FALSE,Archeops,Rock,Flying,,Evolve,,,,75,140,65,112,65,110,567,Defeatist,,Truant,,,,,,,,,,,,,
136,FALSE,Tyrunt,Rock,Dragon,Royal Dino,Catch,,,,58,89,77,45,45,48,362,Strong Jaw,Rock Head,Marvel Scale,,,,,,,,,,,,,
137,FALSE,Tyrantrum,Rock,Dragon,,Evolve,,,,91,121,119,69,73,48,521,Strong Jaw,Rock Head,Marvel Scale,,,,,,,,,,,,,
138,FALSE,Amaura,Rock,Ice,Ice Sail,Catch,,,,77,59,50,67,63,46,362,Refrigerate,,Snow Warning,,,,,,,,,,,,,
139,FALSE,Aurorus,Rock,Ice,,Evolve,,,,123,77,72,99,92,58,521,Refrigerate,,Snow Warning,,,,,,,,,,,,,
140,FALSE,Genesect,Bug,Steel,Paleozoic,Catch,,,,71,120,95,120,95,99,600,Download,,,,,,,,,,,,,,,
141,FALSE,Chikorita,Grass,,Big Leaf,Gift,,,,45,49,65,49,65,45,318,Overgrow,Leaf Guard,Petal Skating,,,,,,,,,,,,,
142,FALSE,Bayleef,Grass,,,Evolve,,,,60,62,80,63,80,60,405,Overgrow,Leaf Guard,Petal Skating,,,,,,,,,,,,,
143,FALSE,Meganium,Grass,Fairy,,Evolve,,,,90,62,100,98,110,90,550,Overgrow,Leaf Guard,Petal Skating,,,,,,,,,,,,,
144,FALSE,Tepig,Fire,,Fire Pig,Gift,,,,65,63,45,45,45,45,308,Blaze,Reckless,Thick Fat,,,,,,,,,,,,,
145,FALSE,Pignite,Fire,,,Evolve,,,,90,93,55,70,55,55,418,Blaze,Reckless,Thick Fat,,,,,,,,,,,,,
146,FALSE,Emboar,Fire,Fighting,,Evolve,,,,110,123,65,100,65,65,528,Blaze,Reckless,Thick Fat,,,,,,,,,,,,,
147,FALSE,Piplup,Water,,Penguin,Gift,,,,53,51,53,61,56,40,314,Torrent,Competitive,Thick Fat,,,,,,,,,,,,,
148,FALSE,Prinplup,Water,,,Evolve,,,,64,66,68,81,76,50,405,Torrent,Competitive,Thick Fat,,,,,,,,,,,,,
149,FALSE,Empoleon,Water,Steel,,Evolve,,,,84,86,88,111,101,60,530,Torrent,Competitive,Thick Fat,,,,,,,,,,,,,
150,FALSE,Plusle,Electric,,Cheering,Catch,,,,70,30,85,65,105,95,450,Plus,Silly Rascal,Volt Absorb,Levelup(22): Follow Me,,,,,,,,,,,,
151,FALSE,Minun,Electric,,Cheering,Catch,,,,70,30,75,95,85,95,450,Minus,Silly Rascal,Lightning Rod,Levelup(22): Follow Me,,,,,,,,,,,,
152,FALSE,Toxel,Electric,Poison,Toxic Baby,Catch,,,,40,38,35,54,35,40,242,Rattled,Static,Klutz,,,,,,,,,,,,,
153,FALSE,Toxtricity (Amp),Electric,Poison,,Evolve,,,,75,98,70,114,70,81,508,Punk Rock,Minus,Technician,,,,,,,,,,,,,
154,FALSE,Toxtricity (Low),Electric,Poison,,Evolve,,,,75,72,70,104,111,76,508,Punk Rock,Plus,Technician,,,,,,,,,,,,,
155,FALSE,Electrike,Electric,,Lightning,Catch,,,,40,45,40,65,40,65,295,Strong Jaw,Lightning Rod,Minus,,,,,,,,,,,,,
156,FALSE,Manectric,Electric,,,Evolve,,,,70,105,60,75,60,105,475,Strong Jaw,Lightning Rod,Minus,Learnable: Flame Charge,Learnable: Revenge,Learnable: Metal Claw,,,,,,,,,,
157,FALSE,Blitzle,Electric,,Thunderbolt,Catch,,,,45,60,32,50,32,76,295,Lightning Rod,Motor Drive,Sap Sipper,,,,,,,,,,,,,
158,FALSE,Zebstrika,Electric,,,Evolve,,,,75,100,63,80,63,116,497,Lightning Rod,Minus,Sap Sipper,,,,,,,,,,,,,
159,FALSE,Rotom (Base),Electric,Ghost,Plasma,Catch,,,,50,50,77,95,77,91,440,Levitate,,Infiltrator,,,,,,,,,,,,,
160,FALSE,Rotom (Heat),Electric,Fire,,Form,,,,50,65,107,105,107,86,520,Levitate,,Flash Fire,,,,,,,,,,,,,
161,FALSE,Rotom (Soak),Electric,Water,,Form,,,,50,65,107,105,107,86,520,Levitate,,Storm Drain,,,,,,,,,,,,,
162,FALSE,Rotom (Fridge),Electric,Ice,,Form,,,,50,65,107,105,107,86,520,Levitate,,Refrigerate,,,,,,,,,,,,,
163,FALSE,Rotom (Fan),Electric,Flying,,Form,,,,50,65,107,105,107,86,520,Levitate,,Aerilate,,,,,,,,,,,,,
164,FALSE,Rotom (Mow),Electric,Grass,,Form,,,,50,65,107,105,107,86,520,Levitate,,Flower Power,,,,,,,,,,,,,
165,FALSE,Rookidee,Flying,,Tiny Metal Bird,Catch,,,,38,47,35,33,35,57,245,Keen Eye,Unnerve,Big Pecks,,,,,,,,,,,,,
166,FALSE,Corvisquire,Flying,,,Evolve,,Catch,,68,67,55,43,55,77,365,Keen Eye,Unnerve,Big Pecks,,,,,,,,,,,,,
167,FALSE,Corviknight,Flying,Steel,,Evolve,,,,98,87,105,53,85,67,495,Pressure,Unnerve,Mirror Armor,,,,,,,,,,,,,
168,FALSE,Klink,Steel,,Gear,Catch,,,,40,55,70,45,60,30,300,Heavy Metal,Light Metal,Superconduct,,,,,,,,,,,,,
169,FALSE,Klang,Steel,,,Evolve,,Catch,,60,80,95,70,85,50,440,Heavy Metal,Light Metal,Superconduct,,,,,,,,,,,,,
170,FALSE,Klingklang,Steel,,,Evolve,,,,60,100,110,70,85,90,515,Heavy Metal,Light Metal,Superconduct,,,,,,,,,,,,,
171,FALSE,Klefki,Steel,Fairy,Key Ring,Catch,,,,57,80,91,80,87,75,470,Prankster,,Magician,,,,,,,,,,,,,
172,FALSE,Mawile,Steel,Fairy,Deceptive,Catch,,,,50,85,85,55,55,50,380,Hyper Cutter,Intimidate,Sheer Force,,,,,,,,,,,,,
173,FALSE,Bronzor,Steel,Psychic,Bronze Plate,Catch,,,,57,24,86,24,86,23,300,Levitate,Heatproof,Heavy Metal,,,,,,,,,,,,,
174,FALSE,Bronzong,Steel,Psychic,,Evolve,,Catch,,77,89,116,89,116,33,520,Levitate,Heatproof,Heavy Metal,,,,,,,,,,,,,
175,FALSE,Beldum,Steel,Psychic,Iron Ball,Catch,,,,40,55,80,35,60,30,300,Clear Body,,Light Metal,,,,,,,,,,,,,
176,FALSE,Metang,Steel,Psychic,,Evolve,,,,60,75,100,55,80,50,420,Clear Body,,Light Metal,,,,,,,,,,,,,
177,FALSE,Metagross,Steel,Psychic,,Evolve,,Catch,,80,135,130,95,90,70,600,Clear Body,,Light Metal,,,,,,,,,,,,,
178,FALSE,Absol,Dark,,Disasterous,Catch,,,,65,130,60,75,60,75,465,Pressure,Super Luck,Justified,,,,,,,,,,,,,
179,FALSE,Shuppet,Ghost,,Puppet,Catch,,,,44,75,35,63,33,45,295,Insomnia,Frisk,Cursed Body,,,,,,,,,,,,,
180,FALSE,Banette,Ghost,Dark,,Evolve,,,,64,116,64,83,64,69,460,Insomnia,Frisk,Cursed Body,,,,,,,,,,,,,
181,FALSE,Sableye,Dark,Ghost,,Catch,,,,50,75,75,65,65,50,380,Keen Eye,Stall,Prankster,,,,,,,,,,,,,
182,FALSE,Natu,Psychic,Flying,Tiny Birdbrain,Catch,,,,40,50,45,70,45,70,320,Synchronize,Early Bird,Magic Bounce,,,,,,,,,,,,,
183,FALSE,Xatu,Psychic,Flying,,Evolve,,Catch,,65,75,70,96,70,94,470,Synchronize,Early Bird,Magic Bounce,,,,,,,,,,,,,
184,FALSE,Chingling,Psychic,,Bell,Catch,,,,45,30,50,65,50,45,285,Levitate,,,,,,,,,,,,,,,
185,FALSE,Chimecho,Psychic,Steel,,Evolve,,Catch,,75,40,85,95,95,25,415,Cloud Nine,Amplifier,Resonate,Uproar->Resounding Clang,,,,,,,,,,,,
186,FALSE,Togepi,Fairy,,Spike Ball,Catch,,,,35,20,65,40,65,20,245,Hustle,Serene Grace,Super Luck,,,,,,,,,,,,,
187,FALSE,Togetic,Fairy,Flying,,Evolve,,,,55,40,85,80,105,40,405,Hustle,Serene Grace,Super Luck,,,,,,,,,,,,,
188,FALSE,Togekiss,Fairy,Flying,,Evolve,,,,85,50,95,120,115,80,545,Hustle,Serene Grace,Super Luck,,,,,,,,,,,,,
189,FALSE,Pitheook,Normal,,Tiny Monkey,Catch,,,,40,40,30,40,30,64,244,Adaptability,Gluttony,Silly Rascal,,,,,,,,,,,,,
190,FALSE,Pansage,Grass,,,Evolve,,,,50,53,48,53,48,64,316,Overgrow,Gluttony,Silly Rascal,,,,,,,,,,,,,
191,FALSE,Simisage,Grass,Fighting,,Evolve,,,,75,98,63,98,63,101,498,Overgrow,Gluttony,Monkey King,,,,,,,,,,,,,
192,FALSE,Pansear,Fire,,,Evolve,,,,50,53,48,53,48,64,316,Blaze,Gluttony,Silly Rascal,,,,,,,,,,,,,
193,FALSE,Simisear,Fire,Fighting,,Evolve,,,,75,98,63,98,63,101,498,Blaze,Gluttony,Monkey King,,,,,,,,,,,,,
194,FALSE,Panpour,Water,,,Evolve,,,,50,53,48,53,48,64,316,Torrent,Gluttony,Silly Rascal,,,,,,,,,,,,,
195,FALSE,Simipour,Water,Fighting,,Evolve,,,,75,98,63,98,63,101,498,Torrent,Gluttony,Monkey King,,,,,,,,,,,,,
196,FALSE,Luvdisk,Water,,Rendezvous,Catch,,,,43,30,55,85,55,107,375,Swift Swim,Hydration,Smoocher,,,,,,,,,,,,,
197,FALSE,Basculin,Water,,Hostile Fish,Catch,,,,70,92,65,80,55,98,460,Swift Swim,Adaptability,Mold Breaker,,,,,,,,,,,,,
198,FALSE,Basculegion (M),Water,Ghost,,Evolve,,,,120,112,65,80,75,78,530,Swift Swim,Adaptability,Mold Breaker,,,,,,,,,,,,,
199,FALSE,Basculegion (F),Water,Ghost,,Evolve,,,,120,92,65,100,75,78,530,Swift Swim,Adaptability,Mold Breaker,,,,,,,,,,,,,
200,FALSE,Remoraid,Water,,Bullet Jet,Catch,,,,35,65,35,65,35,65,300,Hustle,Sniper,Moody,,,,,,,,,,,,,
201,FALSE,Octillery,Water,,,Evolve,,,,75,105,75,105,75,45,480,Suction Cups,Sniper,Moody,,,,,,,,,,,,,
202,FALSE,Clobbopus,Fighting,,,Catch,,,,50,68,76,50,50,32,326,Limber,Limber,Technician,,,,,,,,,,,,,
203,FALSE,Grapploct,Fighting,,,Evolve,,,,80,118,90,70,80,42,480,Limber,,Technician,,,,,,,,,,,,,
204,FALSE,Krabby,Water,,River Crab,Catch,,,,30,105,90,25,25,50,325,Hyper Cutter,Shell Armor,Sheer Force,,,,,,,,,,,,,
205,FALSE,Kingler,Water,,,Evolve,,Catch,,55,135,115,50,50,75,480,Hyper Cutter,Shell Armor,Sheer Force,,,,,,,,,,,,,
206,FALSE,Binacle,Rock,Water,Barnacle,Catch,,,,42,52,67,39,56,50,306,Tough Claws,Sniper,Pickpocket,,,,,,,,,,,,,
207,FALSE,Barbaracle,Rock,Water,,Evolve,,,,72,105,115,54,86,68,500,Tough Claws,Sniper,Pickpocket,,,,,,,,,,,,,
208,FALSE,Shellos,Water,,Sea Slug,Catch,,,,76,48,48,57,62,34,325,Sticky Hold,Storm Drain,Sand Force,,,,,,,,,,,,,
209,FALSE,Gastrodon,Water,Ground,,Evolve,,Catch,,111,83,68,92,82,39,475,Sticky Hold,Storm Drain,Sand Force,,,,,,,,,,,,,
210,FALSE,Dondozo,Water,,Big Catfish,Catch,,,,150,100,115,65,65,35,530,Unaware,Oblivious,Water Veil,,,,,,,,,,,,,
211,FALSE,Tatsugiri,Dragon,Water,Mimicry,Catch,,,,68,50,60,120,95,82,475,Commander,,Storm Drain,,,,,,,,,,,,,
212,FALSE,Skrelp,Poison,Water,Kelp,Catch,,,,50,60,60,60,60,30,320,Poison Point,Poison Touch,Adaptability,,,,,,,,,,,,,
213,FALSE,Dragalge,Poison,Dragon,,Evolve,,,,65,75,90,97,123,44,494,Poison Point,Poison Touch,Adaptability,,,,,,,,,,,,,
214,FALSE,Tynamo,Electric,,Elefish,Catch,,,,35,55,40,45,40,60,275,Levitate,,Superconduct,,,,,,,,,,,,,
215,FALSE,Eelektrik,Electric,,,Evolve,,Catch,,65,85,70,75,70,40,405,Levitate,,Superconduct,,,,,,,,,,,,,
216,FALSE,Eelektross,Electric,,,Evolve,,,,85,115,80,105,80,50,515,Levitate,,Superconduct,,,,,,,,,,,,,
217,FALSE,Heatmor,Fire,,Anteater,Catch,,,,85,97,66,105,66,65,484,Flash Fire,White Smoke,Rivalry,,,,,,,,,,,,,
218,FALSE,Durant,Bug,Steel,Iron Ant,Catch,,,,58,109,112,48,48,109,484,Swarm,Hustle,Rivalry,,,,,,,,,,,,,
219,FALSE,Silicobra,Ground,,Sand Snake,Catch,,,,52,57,75,35,50,46,315,Sand Spit,Shed Skin,Rivalry,,,,,,,,,,,,,
220,FALSE,Sandaconda,Ground,,,Evolve,,Catch,,72,107,125,65,70,71,510,Sand Spit,Shed Skin,Rivalry,,,,,,,,,,,,,
221,FALSE,Smeargle,Normal,,Painter,Catch,,,,55,20,35,20,45,75,250,Own Tempo,Technician,Moody,,,,,,,,,,,,,
222,FALSE,Mimikyu,Ghost,Fairy,Disguised,Catch,,,,55,90,80,50,105,96,476,Disguise,,,,,,,,,,,,,,,
223,FALSE,Mime Jr.,Psychic,Fairy,Mime,Catch,,,,65,75,45,70,90,60,405,Soundproof,Filter,Technician,,,,,,,,,,,,,
224,FALSE,Mr. Mime,Psychic,Fairy,,Evolve,,Catch,,40,45,65,100,120,90,460,Soundproof,Filter,Technician,,,,,,,,,,,,,
225,FALSE,Komala,Psychic,,Drowsing,Catch,,,,65,115,65,75,95,65,480,Comatose,,,,,,,,,,,,,,,
226,FALSE,Elgyem,Psychic,,Cerebral,Catch,,,,55,55,55,85,55,30,335,Telepathy,Synchronize,Analytic,,,,,,,,,,,,,
227,FALSE,Beheeyem,Psychic,,,Evolve,,,,75,75,75,125,95,40,485,Telepathy,Synchronize,Analytic,,,,,,,,,,,,,
228,FALSE,Gligar,Ground,Flying,Fly Scorpion,Catch,,,,65,75,105,35,75,85,440,Hyper Cutter,Sand Veil,Immunity,,,,,,,,,,,,,
229,FALSE,Gliscor,Ground,Flying,,Evolve,,,,75,95,125,45,75,95,510,Hyper Cutter,Sand Veil,Poison Heal,,,,,,,,,,,,,
230,FALSE,Stunfisk,Ground,Electric,Mud Trap,Catch,,,,109,66,84,81,99,32,471,Static,Arena Trap,Sand Veil,,,,,,,,,,,,,
231,FALSE,Rellor,Bug,,Rolling,Catch,,,,51,50,60,31,58,30,280,Compound Eyes,,Shed Skin,,,,,,,,,,,,,
232,FALSE,Rabsca,Psychic,,,Evolve,,,,75,50,85,115,100,45,470,Synchronize,,Telepathy,,,,,,,,,,,,,
233,FALSE,Sandygast,Ghost,Ground,Sand Heap,Catch,,,,55,55,80,70,45,15,320,Water Compaction,,Sand Veil,,,,,,,,,,,,,
234,FALSE,Palossand,Ghost,Ground,,Evolve,,Catch,,85,75,110,100,75,35,480,Water Compaction,,Sand Veil,,,,,,,,,,,,,
235,FALSE,Sandile,Ground,Dark,Desert Croc,Catch,,,,50,72,35,35,35,65,292,Intimidate,Moxie,Anger Point,,,,,,,,,,,,,
236,FALSE,Krokorok,Ground,Dark,,Evolve,,Catch,,60,82,45,45,45,74,351,Intimidate,Moxie,Anger Point,,,,,,,,,,,,,
237,FALSE,Krookodile,Ground,Dark,,Evolve,,,,95,117,80,65,70,92,519,Intimidate,Moxie,Anger Point,,,,,,,,,,,,,
238,FALSE,Golett,Ground,Ghost,Automaton,Catch,,,,59,74,50,35,50,35,303,Iron Fist,Klutz,No Guard,,,,,,,,,,,,,
239,FALSE,Golurk,Ground,Ghost,,Evolve,,Catch,,89,124,80,55,80,55,483,Iron Fist,Klutz,No Guard,,,,,,,,,,,,,
240,FALSE,Numel,Fire,Ground,Magma Geode,Catch,,,,60,60,40,65,45,35,305,Oblivious,Simple,Own Tempo,,,,,,,,,,,,,
241,FALSE,Camerupt,Fire,Ground,,Evolve,,,,70,100,70,105,75,40,460,Magma Armor,Solid Rock,Anger Point,,,,,,,,,,,,,
242,FALSE,Slugma,Fire,,Lava,Catch,,,,40,40,40,70,40,20,250,Magma Armor,Flame Body,Weak Armor,,,,,,,,,,,,,
243,FALSE,Magcargo,Fire,Rock,,Evolve,,Catch,,60,50,120,90,80,30,430,Magma Armor,Flame Body,Weak Armor,,,,,,,,,,,,,
244,FALSE,Litwick,Ghost,Fire,Candle,Catch,,,,50,30,55,65,55,20,275,Flash Fire,Flame Body,Infiltrator,,,,,,,,,,,,,
245,FALSE,Lampent,Ghost,Fire,,Evolve,,Catch,,60,40,60,95,60,55,370,Flash Fire,Flame Body,Infiltrator,,,,,,,,,,,,,
246,FALSE,Chandelure,Ghost,Fire,,Evolve,,,,60,55,90,145,90,80,520,Flash Fire,Flame Body,Infiltrator,,,,,,,,,,,,,
247,FALSE,Charcadet,Fire,,Fire Child,Catch,,,,40,50,40,50,40,35,255,Flash Fire,,Flame Body,,,,,,,,,,,,,
248,FALSE,Ceruledge,Fire,Ghost,,Evolve,,,,75,125,80,60,100,85,525,Flash Fire,,Weak Armor,,,,,,,,,,,,,
249,FALSE,Armarouge,Fire,Psychic,,Evolve,,,,85,60,100,125,80,75,525,Flash Fire,,Weak Armor,,,,,,,,,,,,,
250,FALSE,Porygon,Normal,,Virtual,Catch,,,,65,60,70,85,75,40,395,Toggle Mode,Download,Analytic,,,,,,,,,,,,,
251,FALSE,Porygon 2,Normal,Psychic,,Evolve,Porygon (upg.),,,85,70,80,125,85,100,545,Toggle Mode,Download,Analytic,,,,,,,,,,,,,
252,FALSE,Porygon Z,Normal,Poison,,Evolve,Porygon (corr.),,,85,125,70,90,70,105,545,Toggle Mode,Download,Corrupted,,,,,,,,,,,,,
253,FALSE,Castform,Normal,,Weather,Catch,,,,110,50,60,50,60,60,390,Forecast,,,Levelup: Aqua Step,Levelup: Pyro Ball,Levelup: Sunburst,,,,Levelup: Needle Rain,,Levelup: Snow Drifts,,Learnable: Ice Beam,,Learnable: Wave Crash
254,FALSE,Castform (Sun),Fire,,,Ability,Forecast,,,110,125,95,50,75,101,556,Forecast,,,,,,,,,,,,,,,
255,FALSE,Castform (Rain),Water,,,Ability,Forecast,,,110,110,60,110,60,106,556,Forecast,,,,,,,,,,,,,,,
256,FALSE,Castform (Sno.),Ice,,,Ability,Forecast,,,110,50,75,125,95,101,556,Forecast,,,,,,,,,,,,,,,
257,FALSE,Snorunt,Ice,,Snow Hat,Catch,,,,50,50,50,50,50,50,300,Inner Focus,Ice Body,Moody,,,,,,,,,,,,,
258,FALSE,Glalie,Ice,,,Evolve,,Catch,,80,80,80,80,80,80,480,Inner Focus,Ice Body,Moody,,,,,,,,,,,,,
259,FALSE,Froslass,Ice,Ghost,,Evolve,,Catch,,70,80,70,80,70,110,480,Snow Cloak,,Cursed Body,,,,,,,,,,,,,
260,FALSE,Swinub,Ice,Ground,Cold Pig,Catch,,,,50,50,40,30,30,50,250,Oblivious,Snow Cloak,Thick Fat,,,,,,,,,,,,,
261,FALSE,Piloswine,Ice,Ground,,Evolve,,Catch,,100,100,80,60,60,50,450,Oblivious,Snow Cloak,Thick Fat,,,,,,,,,,,,,
262,FALSE,Mamoswine,Ice,Ground,,Evolve,,,,110,130,80,70,60,80,530,Oblivious,Snow Cloak,Thick Fat,,,,,,,,,,,,,
263,FALSE,Sneasel,Dark,Ice,Sharp Claw,Catch,,,,55,95,55,35,75,115,430,Inner Focus,Keen Eye,Pickpocket,,,,,,,,,,,,,
264,FALSE,Weavile,Dark,Ice,,Evolve,,,,70,120,65,45,85,125,510,Pressure,Keen Eye,Pickpocket,,,,,,,,,,,,,
265,FALSE,Cetoddle,Ice,,Tundra Whale,Catch,,,,108,68,45,30,40,43,334,Thick Fat,Snow Cloak,Sheer Force,,,,,,,,,,,,,
266,FALSE,Cetitan,Ice,,,Evolve,,,,170,113,65,45,55,73,521,Thick Fat,Slush Rush,Sheer Force,,,,,,,,,,,,,
267,FALSE,Bergmite,Ice,,Ice Chunk,Catch,,,,55,69,85,32,35,28,304,Sturdy,Ice Body,Rivalry,,,,,,,,,,,,,
268,FALSE,Avalugg,Ice,,,Evolve,,,,95,117,184,44,46,28,514,Sturdy,Ice Body,Rivalry,Evo: Berg Carrier,,,,,,,,,,,,
269,FALSE,Frigibax,Dragon,Ice,Ice Fin,Catch,,,,65,75,45,35,45,55,320,Thermal Exchange,Ice Body,Rivalry,,,,,,,,,,,,,
270,FALSE,Arctibax,Dragon,Ice,,Evolve,,Catch,,90,95,66,45,86,62,444,Thermal Exchange,Ice Body,Rivalry,,,,,,,,,,,,,
271,FALSE,Baxcalibur,Dragon,Ice,,Evolve,,,,115,145,92,75,86,87,600,Thermal Exchange,Ice Body,Rivalry,,,,,,,,,,,,,
272,FALSE,Noibat,Flying,Dragon,Bat Ear,Catch,,,,40,30,35,45,40,55,245,Frisk,Infiltrator,Telepathy,,,,,,,,,,,,,
273,FALSE,Noivern,Flying,Dragon,,Evolve,,Catch,,85,70,80,97,80,123,535,Frisk,Infiltrator,Telepathy,,,,,,,,,,,,,
274,FALSE,Axew,Dragon,,Tusk,Catch,,,,46,87,60,30,40,57,320,Rivalry,Mold Breaker,Unnerve,,,,,,,,,,,,,
275,FALSE,Fraxure,Dragon,,,Evolve,,Catch,,66,117,70,40,50,67,410,Rivalry,Mold Breaker,Unnerve,,,,,,,,,,,,,
276,FALSE,Haxorus,Dragon,,,Evolve,,,,76,147,90,60,70,97,540,Mold Breaker,Unnerve,Sharpness,,,,,,,,,,,,,
277,FALSE,Kubfu,Fighting,,Martial Arts,Gift,,,,55,90,60,53,50,72,380,Inner focus,,,,,,,,,,,,,,,
278,FALSE,Urshifu (Single),Fighting,Dark,,Form,,,,100,125,100,63,60,97,545,Unseen Fist,,,,,,,,,,,,,,,
279,FALSE,Urshifu (Rapid),Fighting,Water,,Form,,,,100,125,100,63,60,97,545,Unseen Fist,,,,,,,,,,,,,,,
280,FALSE,Jirachi,Steel,Psychic,Wishing Eye,Catch,,,,100,100,100,100,100,100,600,Serene Grace,,,,,,,,,,,,,,,
281,FALSE,Deoxys,Psychic,,DNA,Catch,,,,50,150,50,150,50,150,600,Pressure,,,,,,,,,,,,,,,
282,FALSE,Deoxys (Att),Psychic,,,Form,,,,50,180,20,180,20,150,600,Pressure,,,,,,,,,,,,,,,
283,FALSE,Deoxys (Def),Psychic,,,Form,,,,50,70,160,70,90,90,530,Pressure,,,,,,,,,,,,,,,
284,FALSE,Deoxys (Spe),Psychic,,,Form,,,,50,95,90,95,90,180,600,Pressure,,,,,,,,,,,,,,,
285,FALSE,Kyogre,Water,,Basin Whale,Catch,,,,100,100,90,150,140,90,670,Drizzle,,,,,,,,,,,,,,,
286,FALSE,Groudon,Ground,,Continent Dino,Catch,,,,100,150,140,100,90,90,670,Drought,,,,,,,,,,,,,,,
287,FALSE,Rayquaza,Dragon,Flying,Sky Dragon,Catch,,,,105,150,90,150,90,95,680,Air Lock,,,,,,,,,,,,,,,
288,FALSE,Latios,Dragon,Psychic,Eon Drake,Catch,,,,80,90,80,130,110,110,600,Levitate,,,,,,,,,,,,,,,
289,FALSE,Latias,Dragon,Psychic,Eon Drake,Catch,,,,80,80,90,110,130,110,600,Levitate,,,,,,,,,,,,,,,
290,FALSE,Regirock,Rock,,Rock Peak,Catch,,,,80,100,200,50,100,50,580,Clear Body,,Sturdy,,,,,,,,,,,,,
291,FALSE,Regice,Ice,,Iceberg,Catch,,,,80,50,100,100,200,50,580,Clear Body,,Ice Body,,,,,,,,,,,,,
292,FALSE,Registeel,Steel,,Pure Iron,Catch,,,,80,75,150,75,150,50,580,Clear Body,,Light_Metal,,,,,,,,,,,,,
293,FALSE,Regigigas,Normal,,Colossal,Catch,,,,110,160,110,80,110,100,670,Slow Start,,,,,,,,,,,,,,,
294,FALSE,Tornadus (Inc.),Flying,,Cyclone,Catch,,Form,,79,115,70,125,80,111,580,Prankster,,,,,,,,,,,,,,,
295,FALSE,Tornadus (Thr.),Flying,,,Form,,,,79,100,80,110,90,121,580,Regenerator,,,,,,,,,,,,,,,
296,FALSE,Landorus (Inc.),Ground,Flying,Quake,Catch,,Form,,89,125,90,115,80,91,590,Sand Force,,Sheer Force,,,,,,,,,,,,,
297,FALSE,Landorus (Thr.),Ground,Flying,,Form,,,,89,125,105,85,95,91,590,Intimidate,,,,,,,,,,,,,,,
298,FALSE,Thundurus (Inc.),Electric,Flying,Bolt Strike,Catch,,Form,,79,115,70,125,80,111,580,Prankster,,,,,,,,,,,,,,,
299,FALSE,Thundurus (Thr.),Electric,Flying,,Form,,,,79,105,70,145,80,101,580,Volt Absorb,,,,,,,,,,,,,,,